<odoo>
    <data noupdate="0">
        <record id="mipro_sequence" model="ir.sequence">
            <field name="name">Mipro sequence</field>
            <field name="code">cnt_pm.mipro.sequence</field>
            <field name="prefix">MIPRO-</field>
            <field name="padding">4</field>
            <field name="company_id" eval="False"/>
        </record>
    </data>

    <data noupdate="0">
        <record id="mip_sequence" model="ir.sequence">
            <field name="name">Mip sequence</field>
            <field name="code">cnt_pm.mip.sequence</field>
            <field name="prefix">MIP-</field>
            <field name="padding">4</field>
            <field name="company_id" eval="False"/>
        </record>
    </data>
</odoo>
