<odoo>
    <data>
        <record model="ir.module.category" id="module_category_access">
            <field name="name">Accesss Management</field>
            <field name="description">Management Access</field>
            <field name="sequence">45</field>
        </record> 

        <!-- ADMINISTRATOR CINTE -->
        <record id="group_admin" model="res.groups">
            <field name="name">Administrator</field>
            <field name="category_id" ref="module_category_access" />
        </record>

        <!-- ADMINISTRATOR cnt_pm & CEO -->
        <record id="group_admin_cnt_pm" model="res.groups">
            <field name="name">Admin Filantra</field>
            <field name="category_id" ref="module_category_access" />
        </record>

        <!-- RELATION MANAGER -->
        <record id="group_rm" model="res.groups">
            <field name="name">Relation Manager</field>
            <field name="category_id" ref="module_category_access"/>
        </record>

        <!-- Product Implementator Manager -->
        <record id="group_pi_manager" model="res.groups">
            <field name="name">PM Manager</field>
            <field name="category_id" ref="module_category_access" />
            <!-- <field name="implied_ids" eval="[(4, ref('cnt_pm.group_pi_officer'))]" /> -->
        </record>

        <!-- Product Implementator Officer -->
        <record id="group_pi_officer" model="res.groups">
            <field name="name">PM Officer</field>
            <field name="category_id" ref="module_category_access" />
    </record>

        <!-- Program Developent -->
        <record id="group_pd" model="res.groups">
            <field name="name">Program Developent</field>
            <field name="category_id" ref="module_category_access"/>
        </record>

        <!-- Finance -->
        <record id="group_finance" model="res.groups">
            <field name="name">Finance</field>
            <field name="category_id" ref="module_category_access"/>
        </record>
        
        <!-- Legal -->
        <record id="group_legal" model="res.groups">
            <field name="name">Legal</field>
            <field name="category_id" ref="module_category_access"/>
        </record>

        <!-- GM Operasional -->
        <record id="group_gm" model="res.groups">
            <field name="name">GM Operasional</field>
            <field name="category_id" ref="module_category_access"/>
        </record>
        
    </data>
</odoo>
