id,name,model_id:id,group_id:id,perm_read,perm_write,perm_create,perm_unlink
access_cnt_pm_log_admin,access_cnt_pm_log_admin,model_cnt_pm_log,cnt_pm.group_admin,1,1,1,1
access_cnt_pm_users_admin,access_cnt_pm_users_admin,model_cnt_pm_users,cnt_pm.group_admin,1,1,1,1
access_cnt_pm_reply_admin,access_cnt_pm_reply_admin,model_cnt_pm_reply,cnt_pm.group_admin,1,1,1,1
access_cnt_pm_desa_admin,access_cnt_pm_desa_admin,model_cnt_pm_desa,cnt_pm.group_admin,1,1,1,1
access_cnt_pm_kecamatan_admin,access_cnt_pm_kecamatan_admin,model_cnt_pm_kecamatan,cnt_pm.group_admin,1,1,1,1
access_cnt_pm_kota_admin,access_cnt_pm_kota_admin,model_cnt_pm_kota,cnt_pm.group_admin,1,1,1,1
access_cnt_pm_provinsi_admin,access_cnt_pm_provinsi_admin,model_cnt_pm_provinsi,cnt_pm.group_admin,1,1,1,1
access_cnt_pm_dokumenproposal_admin,access_cnt_pm_dokumenproposal_admin,model_cnt_pm_dokumenproposal,cnt_pm.group_admin,1,1,1,1
access_cnt_pm_proposal_admin,access_cnt_pm_proposal_admin,model_cnt_pm_proposal,cnt_pm.group_admin,1,1,1,1
access_cnt_pm_mipro_admin,access_cnt_pm_mipro_admin,model_cnt_pm_mipro,cnt_pm.group_admin,1,1,1,1
access_cnt_pm_mip_admin,access_cnt_pm_mip_admin,model_cnt_pm_mip,cnt_pm.group_admin,1,1,1,1
access_cnt_pm_mil_admin,access_cnt_pm_mil_admin,model_cnt_pm_mil,cnt_pm.group_admin,1,1,1,1
access_cnt_pm_pi_admin,access_cnt_pm_pi_admin,model_cnt_pm_pi,cnt_pm.group_admin,1,1,1,1
access_cnt_pm_spp_admin,access_cnt_pm_spp_admin,model_cnt_pm_spp,cnt_pm.group_admin,1,1,1,1
access_cnt_pm_anggaranprogram_admin,access_cnt_pm_anggaranprogram_admin,model_cnt_pm_anggaranprogram,base.group_user,1,1,1,1
access_cnt_pm_relasi_admin,access_cnt_pm_relasi_admin,model_cnt_pm_relasi,cnt_pm.group_admin,1,1,1,1
access_cnt_pm_template_admin,access_cnt_pm_template_admin,model_cnt_pm_template,base.group_user,1,1,1,1
access_cnt_pm_notif_account_admin,access_cnt_pm_notif_account_admin,model_cnt_pm_notif_account,base.group_user,1,1,1,1
access_cnt_pm_timeline_admin,access_cnt_pm_timeline_admin,model_cnt_pm_timeline,base.group_user,1,1,1,1
access_cnt_pm_bentuk_laporan_admin,access_cnt_pm_bentuk_laporan_admin,model_cnt_pm_bentuk_laporan,base.group_user,1,1,1,1
access_cnt_pm_publikasi_admin,access_cnt_pm_publikasi_admin,model_cnt_pm_publikasi,base.group_user,1,1,1,1
access_cnt_pm_donasi,access_cnt_pm_donasi,model_cnt_pm_donasi,base.group_user,1,1,1,1
access_cnt_pm_informasi_rekening,access_cnt_pm_informasi_rekening,model_cnt_pm_informasi_rekening,base.group_user,1,1,1,1
,,,,,,,,
access_cnt_pm_users_admin_cnt_pm,access_cnt_pm_users_admin_cnt_pm,model_cnt_pm_users,cnt_pm.group_admin_cnt_pm,1,1,1,1
access_cnt_pm_mip_admin_cnt_pm,access_cnt_pm_mip_admin_cnt_pm,model_cnt_pm_mip,cnt_pm.group_admin_cnt_pm,1,1,1,1
access_cnt_pm_proposal_admin_cnt_pm,access_cnt_pm_proposal_admin_cnt_pm,model_cnt_pm_proposal,cnt_pm.group_admin_cnt_pm,1,1,1,1
access_cnt_pm_dokumenproposal_admin_cnt_pm,access_cnt_pm_dokumenproposal_admin_cnt_pm,model_cnt_pm_dokumenproposal,cnt_pm.group_admin_cnt_pm,1,1,1,1
access_cnt_pm_mil_admin_cnt_pm,access_cnt_pm_mil_admin_cnt_pm,model_cnt_pm_mil,cnt_pm.group_admin_cnt_pm,1,1,1,1
access_cnt_pm_mipro_admin_cnt_pm,access_cnt_pm_mipro_admin_cnt_pm,model_cnt_pm_mipro,cnt_pm.group_admin_cnt_pm,1,1,1,1
access_cnt_pm_spp_admin_cnt_pm,access_cnt_pm_spp_admin_cnt_pm,model_cnt_pm_spp,cnt_pm.group_admin_cnt_pm,1,1,1,1
access_cnt_pm_desa_admin_cnt_pm,access_cnt_pm_desa_admin_cnt_pm,model_cnt_pm_desa,cnt_pm.group_admin_cnt_pm,1,1,1,1
access_cnt_pm_kecamatan_admin_cnt_pm,access_cnt_pm_kecamatan_admin_cnt_pm,model_cnt_pm_kecamatan,cnt_pm.group_admin_cnt_pm,1,1,1,1
access_cnt_pm_kota_admin_cnt_pm,access_cnt_pm_kota_admin_cnt_pm,model_cnt_pm_kota,cnt_pm.group_admin_cnt_pm,1,1,1,1
access_cnt_pm_provinsi_admin_cnt_pm,access_cnt_pm_provinsi_admin_cnt_pm,model_cnt_pm_provinsi,cnt_pm.group_admin_cnt_pm,1,1,1,1
access_cnt_pm_reply_admin_cnt_pm,access_cnt_pm_reply_admin_cnt_pm,model_cnt_pm_reply,cnt_pm.group_admin_cnt_pm,1,1,1,1
access_cnt_pm_log_admin_cnt_pm,access_cnt_pm_log_admin_cnt_pm,model_cnt_pm_log,cnt_pm.group_admin_cnt_pm,1,1,1,1
access_cnt_pm_relasi_admin_cnt_pm,access_cnt_pm_relasi_admin_cnt_pm,model_cnt_pm_relasi,cnt_pm.group_admin_cnt_pm,1,1,1,1
,,,,,,,,
access_cnt_pm_mip_rm,access_cnt_pm_mip_rm,model_cnt_pm_mip,cnt_pm.group_rm,1,1,1,1
access_cnt_pm_proposal_rm,access_cnt_pm_proposal_rm,model_cnt_pm_proposal,cnt_pm.group_rm,1,1,1,1
access_cnt_pm_dokumenproposal_rm,access_cnt_pm_dokumenproposal_rm,model_cnt_pm_dokumenproposal,cnt_pm.group_rm,1,1,1,1
access_cnt_pm_mil_rm,access_cnt_pm_mil_rm,model_cnt_pm_mil,cnt_pm.group_rm,1,1,1,1
access_cnt_pm_mip_rm,access_cnt_pm_mip_rm,model_cnt_pm_mip,cnt_pm.group_rm,1,1,1,1
access_cnt_pm_mipro_rm,access_cnt_pm_mipro_rm,model_cnt_pm_mipro,cnt_pm.group_rm,1,1,1,1
access_cnt_pm_spp_rm,access_cnt_pm_spp_rm,model_cnt_pm_spp,cnt_pm.group_rm,1,1,0,0
access_cnt_pm_users_rm,access_cnt_pm_users_rm,model_cnt_pm_users,cnt_pm.group_rm,1,1,1,1
access_cnt_pm_desa_rm,access_cnt_pm_desa_rm,model_cnt_pm_desa,cnt_pm.group_rm,1,1,1,1
access_cnt_pm_kecamatan_rm,access_cnt_pm_kecamatan_rm,model_cnt_pm_kecamatan,cnt_pm.group_rm,1,1,1,1
access_cnt_pm_kota_rm,access_cnt_pm_kota_rm,model_cnt_pm_kota,cnt_pm.group_rm,1,1,1,1
access_cnt_pm_provinsi_rm,access_cnt_pm_provinsi_rm,model_cnt_pm_provinsi,cnt_pm.group_rm,1,1,1,1
access_cnt_pm_relasi_rm,access_cnt_pm_relasi_rm,model_cnt_pm_relasi,cnt_pm.group_rm,1,1,1,1
access_cnt_pm_reply_rm,access_cnt_pm_reply_rm,model_cnt_pm_reply,cnt_pm.group_rm,1,1,1,1
access_cnt_pm_log_rm,access_cnt_pm_log_rm,model_cnt_pm_log,cnt_pm.group_rm,1,1,1,1
,,,,,,,,
access_cnt_pm_mip_pi_manager,access_cnt_pm_mip_pi_manager,model_cnt_pm_mip,cnt_pm.group_pi_manager,1,0,0,0
access_cnt_pm_proposal_pi_manager,access_cnt_pm_proposal_pi_manager,model_cnt_pm_proposal,cnt_pm.group_pi_manager,1,0,0,0
access_cnt_pm_users_pi_manager,access_cnt_pm_users_pi_manager,model_cnt_pm_users,cnt_pm.group_pi_manager,1,0,0,0
access_cnt_pm_desa_pi_manager,access_cnt_pm_desa_pi_manager,model_cnt_pm_desa,cnt_pm.group_pi_manager,1,1,1,1
access_cnt_pm_kecamatan_pi_manager,access_cnt_pm_kecamatan_pi_manager,model_cnt_pm_kecamatan,cnt_pm.group_pi_manager,1,1,1,1
access_cnt_pm_kota_pi_manager,access_cnt_pm_kota_pi_manager,model_cnt_pm_kota,cnt_pm.group_pi_manager,1,1,1,1
access_cnt_pm_provinsi_pi_manager,access_cnt_pm_provinsi_pi_manager,model_cnt_pm_provinsi,cnt_pm.group_pi_manager,1,1,1,1
access_cnt_pm_mipro_pi_manager,access_cnt_pm_mipro_pi_manager,model_cnt_pm_mipro,cnt_pm.group_pi_manager,1,1,0,1
access_cnt_pm_spp_pi_manager,access_cnt_pm_spp_pi_manager,model_cnt_pm_spp,cnt_pm.group_pi_manager,1,1,1,1
access_cnt_pm_dokumenproposal_pi_manager,access_cnt_pm_dokumenproposal_pi_manager,model_cnt_pm_dokumenproposal,cnt_pm.group_pi_manager,1,0,0,0
access_cnt_pm_reply_pi_manager,access_cnt_pm_reply_pi_manager,model_cnt_pm_reply,cnt_pm.group_pi_manager,1,1,1,1
access_cnt_pm_mil_pi_manager,access_cnt_pm_mil_pi_manager,model_cnt_pm_mil,cnt_pm.group_pi_manager,1,0,0,0
,,,,,,,,
access_cnt_pm_mip_pi_officer,access_cnt_pm_mip_pi_officer,model_cnt_pm_mip,cnt_pm.group_pi_officer,1,0,0,0
access_cnt_pm_proposal_pi_officer,access_cnt_pm_proposal_pi_officer,model_cnt_pm_proposal,cnt_pm.group_pi_officer,1,0,0,0
access_cnt_pm_mipro_pi_officer,access_cnt_pm_mipro_pi_officer,model_cnt_pm_mipro,cnt_pm.group_pi_officer,1,1,0,0
access_cnt_pm_spp_pi_officer,access_cnt_pm_spp_pi_officer,model_cnt_pm_spp,cnt_pm.group_pi_officer,1,1,1,1
access_cnt_pm_dokumenproposal_pi_officer,access_cnt_pm_dokumenproposal_pi_officer,model_cnt_pm_dokumenproposal,cnt_pm.group_pi_officer,1,0,0,0
access_cnt_pm_users_pi_officer,access_cnt_pm_users_pi_officer,model_cnt_pm_users,cnt_pm.group_pi_officer,1,1,1,1
access_cnt_pm_desa_pi_officer,access_cnt_pm_desa_pi_officer,model_cnt_pm_desa,cnt_pm.group_pi_officer,1,1,1,1
access_cnt_pm_kecamatan_pi_officer,access_cnt_pm_kecamatan_pi_officer,model_cnt_pm_kecamatan,cnt_pm.group_pi_officer,1,1,1,1
access_cnt_pm_kota_pi_officer,access_cnt_pm_kota_pi_officer,model_cnt_pm_kota,cnt_pm.group_pi_officer,1,1,1,1
access_cnt_pm_provinsi_pi_officer,access_cnt_pm_provinsi_pi_officer,model_cnt_pm_provinsi,cnt_pm.group_pi_officer,1,1,1,1
access_cnt_pm_reply_pi_officer,access_cnt_pm_reply_pi_officer,model_cnt_pm_reply,cnt_pm.group_pi_officer,1,1,1,1
access_cnt_pm_log_pi_officer,access_cnt_pm_log_pi_officer,model_cnt_pm_log,cnt_pm.group_pi_officer,1,1,1,1
access_cnt_pm_mil_pi_officer,access_cnt_pm_mil_pi_officer,model_cnt_pm_mil,cnt_pm.group_pi_officer,1,0,0,0
,,,,,,,,
access_cnt_pm_mip_pd,access_cnt_pm_mip_pd,model_cnt_pm_mip,cnt_pm.group_pd,1,1,0,1
access_cnt_pm_reply_pd,access_cnt_pm_reply_pd,model_cnt_pm_reply,cnt_pm.group_pd,1,1,1,1
access_cnt_pm_log_pd,access_cnt_pm_log_pd,model_cnt_pm_log,cnt_pm.group_pd,1,1,1,1
access_cnt_pm_proposal_pd,access_cnt_pm_proposal_pd,model_cnt_pm_proposal,cnt_pm.group_pd,1,1,0,1
access_cnt_pm_dokumenproposal_pd,access_cnt_pm_dokumenproposal_pd,model_cnt_pm_dokumenproposal,cnt_pm.group_pd,1,1,1,1
access_cnt_pm_mil_pd,access_cnt_pm_mil_pd,model_cnt_pm_mil,cnt_pm.group_pd,1,0,0,0
access_cnt_pm_users_pd,access_cnt_pm_users_pd,model_cnt_pm_users,cnt_pm.group_pd,1,1,1,1
access_cnt_pm_relasi_pd,access_cnt_pm_relasi_pd,model_cnt_pm_relasi,cnt_pm.group_pd,1,0,0,0
access_cnt_pm_mipro_pd,access_cnt_pm_mipro_pd,model_cnt_pm_mipro,cnt_pm.group_pd,1,1,1,1
access_cnt_pm_spp_pd,access_cnt_pm_spp_pd,model_cnt_pm_spp,cnt_pm.group_pd,1,1,1,0
access_cnt_pm_desa_pd,access_cnt_pm_desa_admin_cnt_pm,model_cnt_pm_desa,cnt_pm.group_pd,1,1,1,1
access_cnt_pm_kecamatan_pd,access_cnt_pm_kecamatan_pd,model_cnt_pm_kecamatan,cnt_pm.group_pd,1,1,1,1
access_cnt_pm_kota_pd,access_cnt_pm_kota_pd,model_cnt_pm_kota,cnt_pm.group_pd,1,1,1,1
access_cnt_pm_provinsi_pd,access_cnt_pm_provinsi_pd,model_cnt_pm_provinsi,cnt_pm.group_pd,1,1,1,1
,,,,,,,,
access_cnt_pm_mip_finance,access_cnt_pm_mip_finance,model_cnt_pm_mip,cnt_pm.group_finance,1,0,0,0
access_cnt_pm_spp_finance,access_cnt_pm_spp_finance,model_cnt_pm_spp,cnt_pm.group_finance,1,1,0,0
access_cnt_pm_users_finance,access_cnt_pm_users_finance,model_cnt_pm_users,cnt_pm.group_finance,1,1,0,0
access_cnt_pm_mipro_finance,access_cnt_pm_mipro_finance,model_cnt_pm_mipro,cnt_pm.group_finance,1,1,0,0
access_cnt_pm_dokumenproposal_finance,access_cnt_pm_dokumenproposal_finance,model_cnt_pm_dokumenproposal,cnt_pm.group_finance,1,1,0,0
access_cnt_pm_proposal_finance,access_cnt_pm_proposal_finance,model_cnt_pm_proposal,cnt_pm.group_finance,1,1,0,0
access_cnt_pm_log_finance,access_cnt_pm_log_finance,model_cnt_pm_log,cnt_pm.group_finance,1,1,1,1
access_cnt_pm_mil_finance,access_cnt_pm_mil_finance,model_cnt_pm_mil,cnt_pm.group_finance,1,1,0,0
access_cnt_pm_reply_finance,access_cnt_pm_reply_finance,model_cnt_pm_reply,cnt_pm.group_finance,1,1,1,1
access_cnt_pm_dokumenproposal_finance,access_cnt_pm_dokumenproposal_finance,model_cnt_pm_dokumenproposal,cnt_pm.group_finance,1,0,0,0
access_cnt_pm_proposal_finance,access_cnt_pm_proposal_finance,model_cnt_pm_proposal,cnt_pm.group_finance,1,0,0,0
,,,,,,,,
access_cnt_pm_mil_legal,access_cnt_pm_mil_legal,model_cnt_pm_mil,cnt_pm.group_legal,1,1,0,0
access_cnt_pm_spp_legal,access_cnt_pm_spp_legal,model_cnt_pm_spp,cnt_pm.group_legal,1,1,0,0
,,,,,,,,
access_cnt_pm_users_gm,access_cnt_pm_users_gm,model_cnt_pm_users,cnt_pm.group_gm,1,1,1,1
access_cnt_pm_mip_gm,access_cnt_pm_mip_gm,model_cnt_pm_mip,cnt_pm.group_gm,1,1,1,1
access_cnt_pm_proposal_gm,access_cnt_pm_proposal_gm,model_cnt_pm_proposal,cnt_pm.group_gm,1,1,1,1
access_cnt_pm_dokumenproposal_gm,access_cnt_pm_dokumenproposal_gm,model_cnt_pm_dokumenproposal,cnt_pm.group_gm,1,1,1,1
access_cnt_pm_mil_gm,access_cnt_pm_mil_gm,model_cnt_pm_mil,cnt_pm.group_gm,1,1,1,1
access_cnt_pm_mipro_gm,access_cnt_pm_mipro_gm,model_cnt_pm_mipro,cnt_pm.group_gm,1,1,1,1
access_cnt_pm_spp_gm,access_cnt_pm_spp_gm,model_cnt_pm_spp,cnt_pm.group_gm,1,1,1,1
access_cnt_pm_desa_gm,access_cnt_pm_desa_gm,model_cnt_pm_desa,cnt_pm.group_gm,1,1,1,1
access_cnt_pm_kecamatan_gm,access_cnt_pm_kecamatan_gm,model_cnt_pm_kecamatan,cnt_pm.group_gm,1,1,1,1
access_cnt_pm_kota_gm,access_cnt_pm_kota_gm,model_cnt_pm_kota,cnt_pm.group_gm,1,1,1,1
access_cnt_pm_provinsi_gm,access_cnt_pm_provinsi_gm,model_cnt_pm_provinsi,cnt_pm.group_gm,1,1,1,1
access_cnt_pm_reply_gm,access_cnt_pm_reply_gm,model_cnt_pm_reply,cnt_pm.group_gm,1,1,1,1
access_cnt_pm_log_gm,access_cnt_pm_log_gm,model_cnt_pm_log,cnt_pm.group_gm,1,1,1,1
access_cnt_pm_relasi_gm,access_cnt_pm_relasi_gm,model_cnt_pm_relasi,cnt_pm.group_gm,1,1,1,1
,,,,,,,,